model,bf,model_label,baseline,bf_over_null_log,bf_over_null_raw,bf_best_over_rest
a,109.52056320033329,BR&ML&PO,-12.323785948516674,121.84434914884996,8247617024929242e37,1
e,90.30478785855664,BR & PO,-12.323785948516674,102.62857380707331,37241167712785865e28,221465048.80129254
f,57.99757501634293,ML & PO,-12.323785948516674,70.32136096485961,3468798134532247e15,23776584007075404e6
b,43.900138181089325,PO,-12.323785948516674,56.223924129606,2616616046752347e9,3152016527287562e13
g,33.57767300601523,BR & ML,-12.323785948516674,45.901458954531904,8604989312437731e4,9584691770631324e17
d,21.0801691391466,BR,-12.323785948516674,33.40395508766328,321479562269983.2,2565518307506831e23
c,-2.1196704529846127,ML,-12.323785948516674,10.204115495532061,27014.134162969418,30530747256874716e32
UN,-12.323785948516674,BR & ML & PO (no effect in all manipulations),-12.323785948516674,0,1,8247617024929242e37
